use aredespacio;

#insertar usuarios
INSERT INTO `usuario` (`nombreUsuario`,`contraseña`,`tipoUsuario`,`salt`) VALUES ('AlonsoLora','607d4a33400883c45f3740d92116d04744b73cfa354d5c97eea8ba4cd4d9bd8f','director','o9DzRgc1jiJNXOvGgcxZ');
INSERT INTO `usuario` (`nombreUsuario`,`contraseña`,`tipoUsuario`,`salt`) VALUES ('MauricioTorres','933796dfa4096ae22ddc609103ad01cf34eedabe13aa00668ce1cf7bac6aee15','director','BAjXMhkzaSFk2xkbBlGK');
INSERT INTO `usuario` (`nombreUsuario`,`contraseña`,`tipoUsuario`,`salt`) VALUES ('MauTorres','e6241cc68b99f1faa75b5171e7fc4163a409cc58e87af384f5477f42446d6432','maestro','HeXE7CDji1TqXRNAtVvB');
INSERT INTO `usuario` (`nombreUsuario`,`contraseña`,`tipoUsuario`,`salt`) VALUES ('RaymundoRay','8e9689da2234e7672d54728cc4665ec9b181bc69efb0d77341999db2b5c31360','maestro','nkjfSw/pOe+FlGdU9705');
INSERT INTO `usuario` (`nombreUsuario`,`contraseña`,`tipoUsuario`,`salt`) VALUES ('RayPerez','791c3e87ffe0d70603287c7f2060ae178e97e7f1d932ce05719fb9a2b526ab9c','director','3Q8ohYLDpzxoz7ia83lq');
INSERT INTO `usuario` (`nombreUsuario`,`contraseña`,`tipoUsuario`,`salt`) VALUES ('usuario','791c3e87ffe0d70603287c7f2060ae178e97e7f1d932ce05719fb9a2b526ab9c','maestro','3Q8ohYLDpzxoz7ia83lq');


#insertar alumnos;
INSERT INTO `alumno` (`idAlumno`,`nombre`,`apellidos`,`telefono`,`email`) VALUES (1,"Wayne","Owen","0458581893","enim.Etiam.imperdiet@quis.ca"),(2,"Kelsie","Zamora","5833544607","nonummy.Fusce@consectetuer.co.uk"),(3,"Flynn","Harrell","0993572543","eget@dictummagna.com"),(4,"Zenia","Romero","4402020667","eget.nisi@faucibus.org"),(5,"Timothy","Holt","6529661476","Vivamus.sit.amet@tinciduntduiaugue.ca"),(6,"Dana","Logan","0432996439","ullamcorper.magna.Sed@anteMaecenas.net"),(7,"Christopher","Banks","3775483960","ligula.Donec@augue.edu"),(8,"Nehru","Carey","7313022154","auctor.ullamcorper.nisl@semper.org"),(9,"Eden","Clayton","0847465628","varius.ultrices.mauris@eu.net"),(10,"Colton","Holland","3025059963","pellentesque.Sed@Pellentesquehabitant.org");
INSERT INTO `alumno` (`idAlumno`,`nombre`,`apellidos`,`telefono`,`email`) VALUES (11,"Zephania","Alexander","1857747414","ac@mollisDuissit.co.uk"),(12,"Shellie","Copeland","7270097476","ullamcorper.velit@duiCum.com"),(13,"Adam","Carney","7068042120","mauris.blandit@ullamcorper.org"),(14,"Medge","Kinney","7572662837","Integer.urna.Vivamus@auctor.co.uk"),(15,"Kyra","Greene","5482653339","magna.Lorem@Phasellusin.co.uk"),(16,"Robin","Gibbs","8290949016","et.magna@bibendum.org"),(17,"Margaret","Grant","1466795933","fringilla@facilisiseget.org"),(18,"Harding","Howard","9829042444","montes.nascetur@consectetueripsumnunc.edu"),(19,"Sigourney","Padilla","5063475512","nisi.dictum@necmaurisblandit.net"),(20,"Buckminster","Poole","9203480433","pede.Nunc@Maecenas.org");
INSERT INTO `alumno` (`idAlumno`,`nombre`,`apellidos`,`telefono`,`email`) VALUES (21,"Seth","Ayers","7889277408","congue@eget.net"),(22,"Samantha","Short","7758945739","pellentesque.eget@idenimCurabitur.co.uk"),(23,"Felix","Guy","2486272506","blandit.mattis@posuerecubiliaCurae.edu"),(24,"Hashim","King","1298146535","scelerisque.neque.sed@augueSedmolestie.ca"),(25,"Alfonso","Parks","0541303185","dis.parturient@molestie.co.uk"),(26,"Dane","Lopez","6180233000","tincidunt@inhendreritconsectetuer.org"),(27,"Angelica","Andrews","1243058053","Proin.velit@necurna.com"),(28,"Hayley","Daniel","2584919957","libero@Duiscursusdiam.org"),(29,"Dalton","Mayo","2558826829","tristique.ac.eleifend@ullamcorpereueuismod.ca"),(30,"Dustin","Barry","1421086155","a.mi.fringilla@ridiculusmus.net");
INSERT INTO `alumno` (`idAlumno`,`nombre`,`apellidos`,`telefono`,`email`) VALUES (31,"Solomon","Underwood","2601695950","est@enimMauris.edu"),(32,"Wallace","Summers","3841134367","egestas.a.dui@magnis.net"),(33,"Grant","Reed","7084311498","ac@euenimEtiam.com"),(34,"Nomlanga","Whitley","7461745401","Donec.elementum.lorem@posuereatvelit.edu"),(35,"Mohammad","Vang","0168126948","Etiam@turpisegestas.co.uk"),(36,"Jasmine","Knight","3762428719","risus@egestas.co.uk"),(37,"Shafira","Stephenson","0772697698","pede@purus.com"),(38,"Phoebe","Massey","7910392241","blandit@turpisNulla.co.uk"),(39,"Vincent","Boyle","3372388610","risus@tellusidnunc.edu"),(40,"Knox","Salinas","4043269787","varius.Nam@volutpatNulla.ca");
INSERT INTO `alumno` (`idAlumno`,`nombre`,`apellidos`,`telefono`,`email`) VALUES (41,"Charde","Nichols","7861085491","neque.Sed@purusMaecenas.edu"),(42,"Aidan","Pierce","3630467113","sit.amet.luctus@tinciduntdui.net"),(43,"Noah","Eaton","5730180285","mollis.Phasellus@pedeCrasvulputate.co.uk"),(44,"Bradley","Weeks","8332376848","turpis.In.condimentum@maurisipsum.co.uk"),(45,"Aspen","Noble","7520029548","iaculis.odio.Nam@venenatislacusEtiam.edu"),(46,"Zenaida","Mueller","2784129702","facilisis.magna@Classaptent.ca"),(47,"Cara","Jacobs","8670183062","nisi@interdum.co.uk"),(48,"Hollee","Hays","1191936534","laoreet@ipsum.edu"),(49,"Rinah","Hart","8189316361","eget.varius.ultrices@diamnuncullamcorper.com"),(50,"Dominique","Castaneda","6097660060","habitant@vellectus.org");
INSERT INTO `alumno` (`idAlumno`,`nombre`,`apellidos`,`telefono`,`email`) VALUES (51,"Lynn","Gardner","5165218242","et.magnis.dis@mauriselitdictum.edu"),(52,"Erin","Lyons","3316737907","dignissim.Maecenas@elementumsem.org"),(53,"Mufutau","Blackburn","6070385607","enim.Etiam.imperdiet@nisi.com"),(54,"Herman","Harris","9068830636","iaculis.nec.eleifend@montesnasceturridiculus.ca"),(55,"Vaughan","Delacruz","6479221254","dolor@molestie.org"),(56,"Hadassah","Brennan","5195796197","eu.dolor.egestas@intempus.co.uk"),(57,"Dean","Vance","8155891939","libero.Proin@necurnasuscipit.ca"),(58,"Wendy","Garza","1319164459","erat.in.consectetuer@ligula.com"),(59,"Barbara","Gallegos","7955977677","lorem.ac@faucibusleoin.net"),(60,"Keelie","Thompson","3180202458","arcu@necdiamDuis.co.uk");
INSERT INTO `alumno` (`idAlumno`,`nombre`,`apellidos`,`telefono`,`email`) VALUES (61,"Ebony","Goff","8843672952","purus.Duis@metusurna.edu"),(62,"Thaddeus","Whitehead","7290666114","lobortis.mauris@vitaeorci.org"),(63,"Lucius","Edwards","5593372218","amet.faucibus@erat.com"),(64,"Kamal","Joseph","8014627638","Integer.vitae@tinciduntpedeac.com"),(65,"Simon","Hoffman","0231791129","eget.lacus@non.edu"),(66,"Bevis","Rhodes","3571510714","non.dui.nec@semutdolor.edu"),(67,"Cameran","Gilbert","8909302150","facilisis@disparturientmontes.ca"),(68,"Marshall","Wolf","5624068146","Cras@sitamet.edu"),(69,"Kenyon","Stout","5122300948","sed.hendrerit@at.org"),(70,"Acton","Spence","8994233535","Sed.auctor@pellentesquea.org");
INSERT INTO `alumno` (`idAlumno`,`nombre`,`apellidos`,`telefono`,`email`) VALUES (71,"Reuben","Hickman","8093696142","urna.Vivamus@musDonecdignissim.net"),(72,"Geoffrey","Robinson","4565547131","ligula.Aenean.gravida@loremipsumsodales.co.uk"),(73,"Laurel","Taylor","3466025704","blandit@nuncsedlibero.com"),(74,"Omar","Turner","4199610560","lectus.a@quis.edu"),(75,"Keith","Kemp","3842339678","arcu.Sed.eu@enimconsequat.ca"),(76,"Amber","Phillips","8374550067","lectus.convallis@auctorvitaealiquet.com"),(77,"Kristen","Fowler","9546267223","Suspendisse.eleifend.Cras@sedfacilisisvitae.ca"),(78,"Lesley","Clements","0293874134","dui@aenimSuspendisse.co.uk"),(79,"Bell","Carney","8996875585","Duis.mi.enim@congue.org"),(80,"Imogene","Malone","6854801811","amet.ornare@consectetuermauris.net");
INSERT INTO `alumno` (`idAlumno`,`nombre`,`apellidos`,`telefono`,`email`) VALUES (81,"Sebastian","Flowers","5423520579","pede@etnuncQuisque.net"),(82,"Zephania","Webster","1011552672","non.feugiat@vitaerisusDuis.co.uk"),(83,"Dillon","Hardin","1314887961","facilisis.facilisis@mitemporlorem.com"),(84,"Louis","Castro","3822319809","scelerisque@turpisegestasFusce.net"),(85,"Karleigh","Strickland","6382342207","ac.metus@Curabitur.net"),(86,"Dillon","Parker","0088376789","libero@Quisqueimperdieterat.ca"),(87,"Keiko","Edwards","7269311200","molestie@nisiMaurisnulla.net"),(88,"Flavia","Mcmahon","2002151301","sed.sapien.Nunc@sitamet.com"),(89,"Erich","Joyner","6213283818","sed@dignissimmagnaa.org"),(90,"Preston","Weeks","9148599304","malesuada@liberolacus.edu");
INSERT INTO `alumno` (`idAlumno`,`nombre`,`apellidos`,`telefono`,`email`) VALUES (91,"Ralph","Torres","6363251901","blandit@ac.ca"),(92,"Wing","Barton","0147845494","turpis@sedconsequatauctor.edu"),(93,"Madonna","Carver","7888116620","diam.dictum@rutrumurnanec.co.uk"),(94,"Reed","Roth","1048155936","dignissim@imperdietornareIn.org"),(95,"Austin","Mills","3548007830","ornare@nulla.com"),(96,"Leila","Pace","5878812781","luctus.ipsum.leo@sedpedeCum.com"),(97,"Wang","Stevens","0862768783","porta.elit.a@lacinia.org"),(98,"Kay","Boyd","8751426777","malesuada.malesuada@Nullamvitaediam.org"),(99,"Ashton","Porter","4848876773","at.lacus@molestiearcu.net"),(100,"Slade","Wyatt","2917907017","nec@turpisAliquamadipiscing.ca");

#insertar maestros
INSERT INTO `maestro` (`idMaestro`,`nombre`,`apellidos`,`telefono`,`email`,`esActivo`) VALUES (6,"Luke","Fletcher","4479468825","dui@eueuismod.co.uk",1),(7,"Isabella","Tate","2485148907","tristique@eratneque.org",0),(8,"Wynne","Simmons","0868343054","non.arcu.Vivamus@Nunc.org",1),(9,"Allegra","Montgomery","9998641426","justo.sit@facilisis.ca",0),(10,"Remedios","Allen","3812616556","dictum.Proin.eget@cursusnon.co.uk",0),(11,"Donovan","Macdonald","5975387640","dolor@consequatauctor.co.uk",1),(12,"Naida","Fisher","6427194020","auctor.velit@augueut.co.uk",1),(13,"Allistair","Chapman","9500984172","ut.cursus@at.co.uk",1),(14,"Jared","Lyons","3806073293","in@Nullam.edu",1),(15,"Marshall","Irwin","2448030738","cursus.diam@etarcuimperdiet.ca",0);
INSERT INTO `maestro` (`idMaestro`,`nombre`,`apellidos`,`telefono`,`email`,`esActivo`) VALUES (16,"Colt","Gates","1349477940","purus.sapien@ullamcorper.co.uk",0),(17,"Kibo","Bradford","9278197834","sit@Nullaeuneque.co.uk",0),(18,"Aimee","Calderon","0335885099","eget.metus@ProinmiAliquam.com",0),(19,"Bruce","Robbins","2400238674","eget.ipsum.Suspendisse@sapiencursusin.edu",0),(20,"Castor","Murray","0342286796","elit.Curabitur.sed@etultricesposuere.org",1),(21,"Mercedes","Pickett","7913987375","magna@musDonec.net",1),(22,"Keegan","Cash","8857488033","scelerisque.dui@odio.org",0),(23,"Rowan","Wallace","5006759298","dolor.nonummy@odio.org",1),(24,"Holmes","Houston","6736625426","Lorem@augueeutempor.com",1),(25,"Rafael","Dudley","7666522114","ligula.elit.pretium@Duisdignissim.ca",1);
INSERT INTO `maestro` (`idMaestro`,`nombre`,`apellidos`,`telefono`,`email`,`esActivo`) VALUES (26,"Basil","Nixon","8004616781","Sed@eratvel.org",0),(27,"Luke","Scott","3034661456","Nunc@nulla.ca",0),(28,"Wylie","Boyle","5425469739","ultrices.a.auctor@odioNaminterdum.net",1),(29,"Aubrey","Cooley","5651239226","ullamcorper.nisl.arcu@Sedeu.net",0),(30,"Len","Rodriquez","2755213755","sodales.elit.erat@litoratorquent.org",1),(31,"Leo","Love","0167602821","odio@facilisis.net",1),(32,"Xanthus","Hickman","1606160712","vitae.odio.sagittis@pedeblandit.org",1),(33,"Christopher","Noel","9809997664","Aliquam.vulputate.ullamcorper@utpellentesque.co.uk",1),(34,"Stewart","Schwartz","0211121727","Nam@loremeu.ca",0),(35,"Dawn","Allison","7252999218","molestie.tellus@aliquamiaculis.net",1);
INSERT INTO `maestro` (`idMaestro`,`nombre`,`apellidos`,`telefono`,`email`,`esActivo`) VALUES (36,"Gray","Cherry","8061465223","aliquam@egestas.edu",0),(37,"Risa","Holder","9970215005","aliquet.Proin.velit@Nulladignissim.com",0),(38,"Kai","Poole","5795297714","orci@atvelitPellentesque.net",1),(39,"Kaye","Strickland","6826156772","Praesent.eu.dui@faucibus.net",0),(40,"Timothy","Doyle","8351821558","metus.urna.convallis@at.edu",1),(41,"Brynn","Barber","0166971700","Maecenas.libero.est@sem.ca",0),(42,"Dillon","Bird","3065374263","a@cursuset.co.uk",0),(43,"Quinn","Rodgers","9258655499","a@pedemalesuada.co.uk",0),(44,"Larissa","House","6352365731","Vestibulum.ante@cursusvestibulum.org",0),(45,"Abbot","Ewing","3214048376","at@porta.edu",0);
INSERT INTO `maestro` (`idMaestro`,`nombre`,`apellidos`,`telefono`,`email`,`esActivo`) VALUES (46,"Clementine","Shannon","4046115350","Nulla.facilisis.Suspendisse@feugiat.com",1),(47,"Ezekiel","Henderson","0985773921","arcu.et@scelerisque.co.uk",1),(48,"Nasim","Hamilton","5497400642","Lorem.ipsum@semperetlacinia.com",1),(49,"Amal","Serrano","1089511313","sociis.natoque@non.org",1),(50,"Davis","Hayes","5169527897","Ut.nec.urna@inaliquetlobortis.co.uk",1),(51,"Maya","Crosby","4843444262","gravida.molestie.arcu@eget.org",0),(52,"Dean","Alston","3615778766","aliquet.odio.Etiam@Donec.edu",1),(53,"Maris","Lynch","8431338418","ridiculus.mus@rhoncus.com",1),(54,"Lester","Kirby","6657643181","arcu@ante.co.uk",1),(55,"Tanya","Pope","8063121346","eu.nulla.at@arcuMorbisit.com",1);
INSERT INTO `maestro` (`idMaestro`,`nombre`,`apellidos`,`telefono`,`email`,`esActivo`) VALUES (56,"Chase","Odonnell","9029464010","bibendum@malesuadafringilla.org",0),(57,"Yasir","Silva","4016215329","urna.Vivamus.molestie@lectusNullam.ca",0),(58,"Walter","Greene","7445122763","egestas.blandit@ac.ca",0),(59,"Tanek","Boyer","8101208134","lectus@gravidaPraesenteu.net",0),(60,"Marny","Sandoval","3955823203","massa.Suspendisse.eleifend@etpedeNunc.net",1),(61,"Rigel","Ware","8969897581","ac.mattis@velsapienimperdiet.co.uk",0),(62,"Kyle","Hull","7870726668","consequat@nisiCumsociis.org",1),(63,"Nichole","Rowe","3459775253","bibendum@sit.com",1),(64,"Jaden","Kidd","3906876408","Aliquam.rutrum@ante.net",0),(65,"Hedley","Shepard","2752944251","tempus.mauris.erat@massa.edu",1);
INSERT INTO `maestro` (`idMaestro`,`nombre`,`apellidos`,`telefono`,`email`,`esActivo`) VALUES (66,"Brynne","Douglas","1814660549","gravida.molestie.arcu@Aliquam.org",0),(67,"Ariana","Fulton","4342179287","sagittis.Duis.gravida@magna.edu",0),(68,"Reuben","Horn","0637823900","nisi@Donecnonjusto.co.uk",1),(69,"Rudyard","Rutledge","9832274024","nunc.Quisque@interdumligula.edu",0),(70,"Tarik","Coleman","7851974962","cursus.a@Sedeu.org",1),(71,"Chase","Mayo","2892043620","nisl@consequat.org",0),(72,"Vance","Figueroa","0371272665","Nunc.quis@anteMaecenasmi.com",1),(73,"Dexter","Keller","7464076939","ante.dictum.mi@elementumduiquis.ca",0),(74,"Moana","Sampson","2089147474","at.velit@sedsemegestas.com",0),(75,"Keely","Hess","1367170609","nibh@adipiscing.co.uk",1);
INSERT INTO `maestro` (`idMaestro`,`nombre`,`apellidos`,`telefono`,`email`,`esActivo`) VALUES (76,"Judith","Guzman","9043952992","diam.Duis@nibh.ca",0),(77,"Sybil","Knapp","5997352331","elit.pretium.et@rutrumloremac.co.uk",1),(78,"Hedley","Cunningham","8739255632","placerat.augue.Sed@utquamvel.edu",0),(79,"Noble","Ortega","5634522048","Phasellus@dolorelit.net",0),(80,"Joseph","Steele","9474067945","hymenaeos.Mauris.ut@dolorsitamet.edu",0),(81,"Myles","Farmer","8794743410","diam.Pellentesque.habitant@dictumeleifendnunc.com",0),(82,"Jamal","Zimmerman","4075820041","justo.Proin.non@tinciduntnibhPhasellus.org",0),(83,"Dieter","Estes","5480615602","ac@fringillamilacinia.net",1),(84,"Solomon","Shields","3906178907","dolor@justo.co.uk",1),(85,"Keaton","Boyle","0413773620","lectus.justo@Donectemporest.net",1);
INSERT INTO `maestro` (`idMaestro`,`nombre`,`apellidos`,`telefono`,`email`,`esActivo`) VALUES (86,"Ifeoma","Robbins","3361486253","sit.amet@Vestibulum.edu",1),(87,"Donovan","Skinner","1033784151","et.magnis.dis@commodo.co.uk",1),(88,"Gabriel","Maxwell","1597073689","lorem.eu.metus@idante.co.uk",0),(89,"Patrick","Kirkland","6852439467","nulla.at.sem@semeget.org",1),(90,"Rajah","Hale","8401510110","massa.Suspendisse.eleifend@libero.net",1),(91,"Zelenia","Mcmahon","2003731932","interdum.Curabitur.dictum@eueros.edu",1),(92,"Nomlanga","Beasley","2518264198","mi.felis.adipiscing@ullamcorper.co.uk",0),(93,"Ava","Glass","0222436737","magnis@enimSednulla.ca",0),(94,"Colt","Robles","1202387570","eget.venenatis.a@Maecenasmifelis.edu",0),(95,"Jeremy","Oliver","0586206550","non@elit.com",0);
INSERT INTO `maestro` (`idMaestro`,`nombre`,`apellidos`,`telefono`,`email`,`esActivo`) VALUES (96,"Pearl","Reilly","6516404478","volutpat.nunc@eratvolutpatNulla.ca",0),(97,"Colt","Byers","3511456211","bibendum.ullamcorper.Duis@mi.org",0),(98,"Patrick","Hale","3343087570","tempus.scelerisque.lorem@urnaconvallis.edu",0),(99,"Alma","Kennedy","8717730195","amet.orci.Ut@dui.org",0),(100,"Simone","Norton","5782925737","vulputate.dui@tempusmauriserat.org",0),(101,"Vance","Soto","5812112926","Aliquam.ultrices@ametluctus.com",0),(102,"Myles","Cruz","9416462545","Morbi.sit.amet@lectus.ca",0),(103,"Sean","Riley","7255314742","Lorem@Vestibulumante.net",1),(104,"Maryam","Grant","0090495345","arcu.Nunc@ornare.co.uk",1),(105,"Ishmael","Wilson","2766815399","sit.amet@ategestasa.net",1);

#insertar directores

INSERT INTO `maestro` (`idMaestro`,`nombre`,`apellidos`,`telefono`,`email`,`imgFoto`,`usuario_nombreUsuario`) VALUES (1,'Mauricio','Torres','2281215150','mau@uv.mx','26f4f8a991e2f33cccaf094eccff165df9e646f1_hq.jpgMauricioTorres','MauricioTorres');
INSERT INTO `maestro` (`idMaestro`,`nombre`,`apellidos`,`telefono`,`email`,`imgFoto`,`usuario_nombreUsuario`) VALUES (2,'Raymundo','Ray','213124124','',NULL,'RaymundoRay');
INSERT INTO `maestro` (`idMaestro`,`nombre`,`apellidos`,`telefono`,`email`,`imgFoto`,`usuario_nombreUsuario`) VALUES (3,'Mau','Torres','12341234','mqu@uv.mx','HP-Pavilion-x360-13z-57a64dcc5f9b58974a44b1f8.jpgMauTorres','MauTorres');
INSERT INTO `maestro` (`idMaestro`,`nombre`,`apellidos`,`telefono`,`email`,`imgFoto`,`usuario_nombreUsuario`) VALUES (4,'Alonso','Lora','12314124','alonso@uv.mx','HP-Pavilion-x360-13z-57a64dcc5f9b58974a44b1f8.jpgAlonsoLora','AlonsoLora');
INSERT INTO `maestro` (`idMaestro`,`nombre`,`apellidos`,`telefono`,`email`,`imgFoto`,`usuario_nombreUsuario`) VALUES (5,'Ray','Perez','2314124123','elray@uv.mx','HP-Pavilion-x360-13z-57a64dcc5f9b58974a44b1f8.jpgRayPerez','RayPerez');

#insertar grupos
#INSERT INTO `grupo` (`idGrupo`,`estado`,`fechaCreacion`,`maestro_idMaestro`,`maestro_usuario_nombreUsuario`,`horario_idHorario`,`nombre`,`tipoDanza`) VALUES (1,NULL,'2018-04-18',1,'MauricioTorres',1,'Folklore','Danza Folklorica');
#INSERT INTO `grupo` (`idGrupo`,`estado`,`fechaCreacion`,`maestro_idMaestro`,`maestro_usuario_nombreUsuario`,`horario_idHorario`,`nombre`,`tipoDanza`) VALUES (2,NULL,'2018-04-18',1,'MauricioTorres',1,'Árabe 101','Danza Árabe');
#INSERT INTO `grupo` (`idGrupo`,`estado`,`fechaCreacion`,`maestro_idMaestro`,`maestro_usuario_nombreUsuario`,`horario_idHorario`,`nombre`,`tipoDanza`) VALUES (3,NULL,'2018-04-18',2,'RaymundoRay',1,'Pole','Pole Dance');
#INSERT INTO `grupo` (`idGrupo`,`estado`,`fechaCreacion`,`maestro_idMaestro`,`maestro_usuario_nombreUsuario`,`horario_idHorario`,`nombre`,`tipoDanza`) VALUES (4,NULL,'2018-04-18',3,'MauTorres',1,'Bailes de salón','Danzada');


#insertar clientes
INSERT INTO `cliente` (`idCliente`,`nombre`,`apellidos`,`telefono`,`email`) VALUES (6,"Simone","Conrad","4850153409","euismod.ac@Crasdictumultricies.com"),(7,"Abdul","Hess","9701873975","lacus.varius@anequeNullam.net"),(8,"Nicole","Salas","0267075226","magna.Duis@cursuset.net"),(9,"Slade","Potter","4768347677","Nullam@non.net"),(10,"Ivor","Nelson","9075813023","lorem@nec.ca"),(11,"Cedric","Peterson","9057619480","ipsum.dolor.sit@luctusvulputatenisi.com"),(12,"Hamish","Walton","8498732439","eget.volutpat@laciniaSedcongue.co.uk"),(13,"Sydnee","Sawyer","9321872613","eu.tempor@ProinultricesDuis.com"),(14,"Montana","Graham","4878621916","ullamcorper.Duis.cursus@loremutaliquam.net"),(15,"Evan","Cruz","4035995251","turpis.In@enimSednulla.co.uk");
INSERT INTO `cliente` (`idCliente`,`nombre`,`apellidos`,`telefono`,`email`) VALUES (16,"Michelle","Bush","7747755441","non@porttitorinterdum.com"),(17,"Jaime","Morales","6811448975","egestas.a@amet.ca"),(18,"Sylvester","Arnold","0806300672","mauris.rhoncus.id@parturient.org"),(19,"Deirdre","Bauer","8144946430","facilisis@Integertincidunt.net"),(20,"Keefe","England","4281564092","magna.a.tortor@in.co.uk"),(21,"Brianna","Mcgowan","0284288799","eu.erat@venenatislacus.com"),(22,"Alea","Dodson","4506661115","non.egestas.a@Pellentesque.net"),(23,"Theodore","Skinner","6031265734","metus.sit@sagittisplacerat.com"),(24,"Colleen","Garner","9398652366","sed@ametloremsemper.com"),(25,"Willow","Alston","9828142348","eu.tempor@estarcu.org");
INSERT INTO `cliente` (`idCliente`,`nombre`,`apellidos`,`telefono`,`email`) VALUES (26,"Stacy","Hendricks","1811248265","sapien@amet.org"),(27,"Jolie","Beasley","2138231994","tempor.est.ac@posuere.org"),(28,"Simon","Castro","1550578135","Aliquam.auctor@quisdiamluctus.org"),(29,"Howard","Lewis","9416539221","neque.non.quam@Suspendisse.edu"),(30,"Jordan","Lester","2655834389","Suspendisse.eleifend@dui.org"),(31,"Ivory","Gross","3341256621","arcu.Sed@Phasellus.net"),(32,"Karina","Abbott","9930275899","consectetuer@neque.net"),(33,"Ronan","Pruitt","3654142741","enim@quisturpisvitae.ca"),(34,"Ifeoma","Preston","3370116973","Morbi.quis@ipsumsodales.net"),(35,"Cameron","Stark","5030657271","Suspendisse.eleifend.Cras@natoquepenatibuset.co.uk");
INSERT INTO `cliente` (`idCliente`,`nombre`,`apellidos`,`telefono`,`email`) VALUES (36,"Vaughan","Villarreal","5460122977","justo@ipsum.net"),(37,"Griffin","Robertson","8602242730","vulputate.dui@Sedauctor.co.uk"),(38,"Price","Hahn","7401924529","nunc.sed@Duis.edu"),(39,"Brenden","Morales","6238920349","consequat.lectus.sit@vellectus.ca"),(40,"Catherine","Pitts","7393043089","tristique.ac.eleifend@egetvenenatisa.org"),(41,"Oprah","Spears","3102591227","Fusce@senectus.net"),(42,"Preston","Murphy","8747626203","ante.blandit.viverra@dolorsit.ca"),(43,"Camilla","Wilder","6511741132","diam.luctus.lobortis@dictumcursusNunc.com"),(44,"Raymond","Cash","4390484122","Quisque.purus@est.edu"),(45,"Wallace","Hardin","4636565905","ut.quam@tristiqueneque.ca");
INSERT INTO `cliente` (`idCliente`,`nombre`,`apellidos`,`telefono`,`email`) VALUES (46,"Channing","Randolph","9888954278","ac@Donecnonjusto.ca"),(47,"Zorita","Palmer","2642794411","iaculis.aliquet@Praesent.com"),(48,"Molly","Skinner","9074805017","adipiscing.lobortis.risus@odioAliquamvulputate.co.uk"),(49,"Faith","Cote","3416131602","mauris@fringillamilacinia.edu"),(50,"Alma","Miller","8970378056","auctor.non@ipsumsodales.ca"),(51,"Quamar","Warner","4231076900","purus@nislQuisque.org"),(52,"Wylie","Roberson","2718748172","in@quamdignissimpharetra.co.uk"),(53,"Nora","Ayers","7582714184","Suspendisse.tristique.neque@erosturpis.co.uk"),(54,"Stacy","Rodriquez","6311918928","nec.tempus@pellentesqueSed.co.uk"),(55,"Kim","Chang","4496177659","diam.Pellentesque@molestieSedid.com");
INSERT INTO `cliente` (`idCliente`,`nombre`,`apellidos`,`telefono`,`email`) VALUES (56,"Raymond","Battle","3984240026","semper.rutrum@ipsumnunc.co.uk"),(57,"Rebekah","Fuentes","9785809379","mus@elitdictumeu.ca"),(58,"Julian","Decker","1406428831","Vivamus.nibh.dolor@Maurismolestie.org"),(59,"Dante","Gould","5258563066","Nunc.mauris@nec.ca"),(60,"Mia","Jacobson","6029840254","Quisque.tincidunt@egetvariusultrices.com"),(61,"Molly","Bright","3438834269","vel.turpis@orcitincidunt.com"),(62,"Mason","Russell","9629202081","tortor.nibh.sit@porttitor.com"),(63,"Amela","Contreras","6146800725","eget@ametorci.co.uk"),(64,"Gillian","Melton","6060528379","ac.metus.vitae@aceleifendvitae.edu"),(65,"Harriet","Casey","3412082311","non@egetmassa.edu");
INSERT INTO `cliente` (`idCliente`,`nombre`,`apellidos`,`telefono`,`email`) VALUES (66,"Amy","Cline","0677421399","Praesent@Proinnonmassa.co.uk"),(67,"Eagan","Garrett","3509506242","tempus.non@Curabiturdictum.com"),(68,"Velma","Brewer","8689879280","Aliquam.nec@magna.org"),(69,"Alexander","Andrews","6537863298","elit.sed.consequat@gravidaAliquamtincidunt.co.uk"),(70,"Alan","Reed","8248293403","ac.feugiat@massarutrum.org"),(71,"Yuri","Vaughan","9253766065","ante.blandit.viverra@vitaedolor.edu"),(72,"Mari","Sears","7648238375","sed.sem@egestas.com"),(73,"Zorita","Monroe","4016916045","tortor@Loremipsumdolor.ca"),(74,"Selma","Byrd","8954220257","quis.massa@eratvitae.ca"),(75,"Courtney","Lowery","7138361616","dictum@Duis.edu");
INSERT INTO `cliente` (`idCliente`,`nombre`,`apellidos`,`telefono`,`email`) VALUES (76,"Zeus","Luna","2305880842","accumsan@ac.org"),(77,"Colby","Evans","8627771714","Donec.tempus@laciniaSedcongue.org"),(78,"Malachi","Cohen","9297246220","molestie@lobortis.net"),(79,"Lael","Burnett","0183332886","nec.ante@ullamcorpernisl.co.uk"),(80,"Adrienne","Craig","5936320201","sodales.purus@velturpisAliquam.edu"),(81,"Darryl","Ryan","3296195021","pharetra@congueelitsed.net"),(82,"Cruz","Norton","0046576501","augue@Donec.com"),(83,"Kato","Banks","6748349808","lectus.Nullam.suscipit@consequatdolorvitae.edu"),(84,"Reuben","Brock","7307328812","nec.luctus@quispede.co.uk"),(85,"Winifred","Cervantes","7029229370","ullamcorper.eu.euismod@tempusmauriserat.org");
INSERT INTO `cliente` (`idCliente`,`nombre`,`apellidos`,`telefono`,`email`) VALUES (86,"Yuli","Romero","1860908214","auctor@consectetuer.ca"),(87,"Armando","Moore","7730177979","sapien.Aenean@Duis.ca"),(88,"Randall","Doyle","9028883271","ipsum@parturientmontes.co.uk"),(89,"Calvin","Marshall","6783403207","quam@nequevitae.net"),(90,"Adele","Nash","3458675232","vitae.posuere.at@convallis.ca"),(91,"Natalie","Finley","3077711265","amet.luctus@tristiquepellentesque.co.uk"),(92,"Alan","Snow","0144251807","Fusce.aliquam@tempus.ca"),(93,"Ria","Weber","7695442835","egestas@tellus.org"),(94,"Jenna","Ford","6163568888","in@scelerisquedui.net"),(95,"Cathleen","Dejesus","8840329197","sem@Vestibulumaccumsanneque.org");
INSERT INTO `cliente` (`idCliente`,`nombre`,`apellidos`,`telefono`,`email`) VALUES (96,"Drake","Rojas","5319651287","Aliquam.erat@etmagnisdis.org"),(97,"Neve","Logan","2457424791","nisi.dictum@laoreetlectusquis.org"),(98,"Nadine","Underwood","2478891405","non.luctus@estarcuac.org"),(99,"Wang","Fischer","8039270210","eu@fermentumarcu.co.uk"),(100,"Peter","Rojas","2495680864","pretium.neque.Morbi@sapien.com"),(101,"Barrett","Trevino","6645342880","lacus.Nulla.tincidunt@erat.org"),(102,"Bradley","Sheppard","3790480809","orci.quis.lectus@malesuadavel.net"),(103,"Nicholas","Graham","1795224201","id.libero.Donec@adipiscing.ca"),(104,"Beck","Weeks","6465153091","In@Vivamuseuismod.com"),(105,"Daquan","Donaldson","8015804105","est.ac.mattis@ante.net");

#insertar pagoAlumnoExterno
INSERT INTO `pagoAlumnoExterno` (`idPagoAlExterno`,`monto`,`fecha`,`maestro_idMaestro`,`maestro_usuario_nombreUsuario`,`alumno_idAlumno`) VALUES (20,964,"2017-07-11 21:24:23","3","MauTorres",42),(21,1101,"2019-01-22 03:54:45","3","MauTorres",65),(22,1990,"2017-03-02 01:44:11","3","MauTorres",62),(23,1313,"2017-09-21 14:38:22","3","MauTorres",32),(24,1225,"2017-02-01 10:57:00","3","MauTorres",83),(25,1986,"2018-03-21 20:53:38","3","MauTorres",95),(26,370,"2016-08-25 20:12:56","3","MauTorres",95),(27,867,"2018-01-19 13:15:57","3","MauTorres",52),(28,925,"2016-09-21 12:27:00","3","MauTorres",48),(29,684,"2017-09-27 16:29:34","3","MauTorres",79);
INSERT INTO `pagoAlumnoExterno` (`idPagoAlExterno`,`monto`,`fecha`,`maestro_idMaestro`,`maestro_usuario_nombreUsuario`,`alumno_idAlumno`) VALUES (30,342,"2016-10-07 12:33:02","4","AlonsoLora",63),(31,1480,"2018-03-01 23:16:29","4","AlonsoLora",39),(32,287,"2018-04-25 11:59:02","4","AlonsoLora",28),(33,704,"2017-06-06 14:35:36","4","AlonsoLora",56),(34,1489,"2019-03-01 20:35:22","4","AlonsoLora",5),(35,1858,"2017-06-17 08:52:59","4","AlonsoLora",98),(36,1215,"2017-01-18 12:29:25","4","AlonsoLora",75),(37,1113,"2017-08-15 12:26:16","4","AlonsoLora",12),(38,1880,"2019-02-28 03:41:24","4","AlonsoLora",14),(39,1561,"2018-09-25 21:25:02","4","AlonsoLora",77);
INSERT INTO `pagoAlumnoExterno` (`idPagoAlExterno`,`monto`,`fecha`,`maestro_idMaestro`,`maestro_usuario_nombreUsuario`,`alumno_idAlumno`) VALUES (40,308,"2016-05-12 18:26:16","5","RayPerez",83),(41,328,"2016-12-23 14:30:44","5","RayPerez",62),(42,1593,"2018-09-20 21:18:52","5","RayPerez",60),(43,240,"2017-03-06 20:29:55","5","RayPerez",84),(44,652,"2018-01-10 21:12:12","5","RayPerez",71),(45,1295,"2016-07-16 21:17:38","5","RayPerez",93),(46,1034,"2018-03-29 19:42:59","5","RayPerez",39),(47,212,"2017-05-13 12:24:08","5","RayPerez",96),(48,854,"2016-06-09 16:03:44","5","RayPerez",25),(49,1418,"2018-10-24 21:05:53","5","RayPerez",68);
INSERT INTO `pagoAlumnoExterno` (`idPagoAlExterno`,`monto`,`fecha`,`maestro_idMaestro`,`maestro_usuario_nombreUsuario`,`alumno_idAlumno`) VALUES (50,1407,"2017-06-07 04:23:54","3","MauTorres",25),(51,1211,"2016-07-24 07:44:13","3","MauTorres",51),(52,1449,"2019-02-08 04:08:41","3","MauTorres",86),(53,579,"2016-06-26 03:54:25","3","MauTorres",84),(54,1861,"2018-09-12 11:49:40","3","MauTorres",48),(55,1337,"2017-04-21 18:47:24","3","MauTorres",54),(56,1107,"2018-02-11 15:20:18","3","MauTorres",93),(57,623,"2017-08-10 15:15:05","3","MauTorres",75),(58,1150,"2018-07-30 21:33:10","3","MauTorres",49),(59,374,"2017-02-12 06:36:13","3","MauTorres",91);
INSERT INTO `pagoAlumnoExterno` (`idPagoAlExterno`,`monto`,`fecha`,`maestro_idMaestro`,`maestro_usuario_nombreUsuario`,`alumno_idAlumno`) VALUES (60,1039,"2019-02-14 01:08:27","4","AlonsoLora",72),(61,886,"2016-06-09 15:36:37","4","AlonsoLora",1),(62,512,"2018-12-08 01:57:24","4","AlonsoLora",19),(63,286,"2016-11-03 18:50:21","4","AlonsoLora",42),(64,1736,"2018-12-31 02:15:38","4","AlonsoLora",4),(65,1732,"2018-04-21 07:58:38","4","AlonsoLora",84),(66,699,"2016-06-06 12:11:50","4","AlonsoLora",93),(67,1177,"2017-10-25 21:44:44","4","AlonsoLora",92),(68,1484,"2018-05-23 07:14:24","4","AlonsoLora",55),(69,1459,"2018-07-01 05:38:12","4","AlonsoLora",92);
INSERT INTO `pagoAlumnoExterno` (`idPagoAlExterno`,`monto`,`fecha`,`maestro_idMaestro`,`maestro_usuario_nombreUsuario`,`alumno_idAlumno`) VALUES (70,1511,"2018-12-26 11:58:35","5","RayPerez",66),(71,743,"2018-04-25 04:50:17","5","RayPerez",96),(72,1777,"2017-05-16 04:30:36","5","RayPerez",14),(73,1374,"2016-12-17 13:57:29","5","RayPerez",41),(74,544,"2018-02-27 08:29:59","5","RayPerez",65),(75,1316,"2017-01-19 07:40:18","5","RayPerez",29),(76,1397,"2018-09-21 23:51:07","5","RayPerez",67),(77,1345,"2018-10-09 20:38:36","5","RayPerez",6),(78,226,"2016-11-14 02:21:40","5","RayPerez",97),(79,1730,"2018-03-05 00:17:23","5","RayPerez",73);
INSERT INTO `pagoAlumnoExterno` (`idPagoAlExterno`,`monto`,`fecha`,`maestro_idMaestro`,`maestro_usuario_nombreUsuario`,`alumno_idAlumno`) VALUES (80,372,"2018-06-05 17:50:00","3","MauTorres",92),(81,356,"2017-07-08 22:32:49","3","MauTorres",35),(82,988,"2017-04-03 23:27:29","3","MauTorres",8),(83,1896,"2017-12-27 07:11:16","3","MauTorres",69),(84,1919,"2017-12-16 08:56:16","3","MauTorres",1),(85,1132,"2019-01-09 17:35:17","3","MauTorres",98),(86,1182,"2016-12-16 14:36:37","3","MauTorres",30),(87,507,"2019-03-30 23:22:32","3","MauTorres",12),(88,250,"2017-05-18 22:32:30","3","MauTorres",22),(89,1196,"2016-08-20 14:17:27","3","MauTorres",27);
INSERT INTO `pagoAlumnoExterno` (`idPagoAlExterno`,`monto`,`fecha`,`maestro_idMaestro`,`maestro_usuario_nombreUsuario`,`alumno_idAlumno`) VALUES (90,1205,"2017-09-20 08:51:37","4","AlonsoLora",62),(91,231,"2017-08-10 10:55:51","4","AlonsoLora",71),(92,1228,"2016-11-01 13:04:48","4","AlonsoLora",95),(93,1649,"2016-10-06 11:13:13","4","AlonsoLora",4),(94,1975,"2019-04-12 19:43:40","4","AlonsoLora",9),(95,1752,"2018-10-23 07:55:12","4","AlonsoLora",75),(96,552,"2016-10-10 23:40:02","4","AlonsoLora",77),(97,338,"2019-01-14 22:31:20","4","AlonsoLora",14),(98,1294,"2017-11-06 20:50:23","4","AlonsoLora",61),(99,213,"2016-08-18 18:18:44","4","AlonsoLora",59);
INSERT INTO `pagoAlumnoExterno` (`idPagoAlExterno`,`monto`,`fecha`,`maestro_idMaestro`,`maestro_usuario_nombreUsuario`,`alumno_idAlumno`) VALUES (100,1100,"2016-09-10 12:34:32","5","RayPerez",2),(101,1035,"2017-07-23 04:50:01","5","RayPerez",27),(102,874,"2018-11-19 13:32:37","5","RayPerez",94),(103,1393,"2019-02-07 13:32:56","5","RayPerez",29),(104,955,"2017-05-23 13:47:25","5","RayPerez",39),(105,1846,"2018-07-30 03:26:01","5","RayPerez",64),(106,1640,"2018-01-26 19:58:27","5","RayPerez",10),(107,988,"2016-08-08 21:41:08","5","RayPerez",48),(108,458,"2016-11-02 03:36:43","5","RayPerez",52),(109,1658,"2018-03-28 04:40:02","5","RayPerez",70);
INSERT INTO `pagoAlumnoExterno` (`idPagoAlExterno`,`monto`,`fecha`,`maestro_idMaestro`,`maestro_usuario_nombreUsuario`,`alumno_idAlumno`) VALUES (110,1532,"2017-09-30 07:07:29","3","MauTorres",52),(111,712,"2016-09-11 03:52:20","3","MauTorres",70),(112,450,"2016-08-14 01:47:36","3","MauTorres",2),(113,477,"2016-07-10 01:02:54","3","MauTorres",7),(114,1123,"2018-01-29 05:07:09","3","MauTorres",85),(115,1076,"2017-08-27 13:05:48","3","MauTorres",84),(116,1664,"2017-08-21 22:19:05","3","MauTorres",66),(117,1927,"2016-08-21 18:05:38","3","MauTorres",92),(118,468,"2017-08-21 15:55:04","3","MauTorres",87),(119,1741,"2017-12-06 18:09:44","3","MauTorres",25);

#insertar pagoRenta
INSERT INTO `pagoRenta` (`idPago`,`monto`,`fecha`) VALUES (20,1278,"2018-08-19 11:40:58"),(21,1022,"2018-05-07 20:57:01"),(22,1586,"2018-12-27 19:36:49"),(23,360,"2017-10-09 14:36:04"),(24,1030,"2018-06-21 15:57:09"),(25,772,"2018-01-13 22:45:31"),(26,1041,"2018-04-28 04:34:14"),(27,824,"2018-10-01 01:00:26"),(28,229,"2018-07-04 03:49:43"),(29,402,"2017-12-15 03:36:35"),(30,249,"2017-09-06 14:46:30"),(31,365,"2018-06-15 07:28:37"),(32,996,"2018-02-03 02:07:42"),(33,1186,"2018-06-05 21:37:28"),(34,1626,"2017-06-30 10:05:07"),(35,1245,"2019-02-01 19:20:42"),(36,1622,"2018-03-12 20:31:21"),(37,275,"2017-06-22 22:12:59"),(38,914,"2018-01-27 20:23:05"),(39,600,"2018-11-05 20:10:43"),(40,1910,"2018-08-05 07:50:10"),(41,1940,"2018-06-09 20:15:07"),(42,741,"2018-07-08 02:08:32"),(43,1257,"2019-03-16 10:08:33"),(44,1423,"2018-03-06 10:23:10"),(45,1245,"2019-01-24 20:26:12"),(46,1891,"2018-10-06 18:47:05"),(47,1726,"2017-08-11 06:57:27"),(48,764,"2019-03-16 17:28:54"),(49,1534,"2018-01-18 02:35:40"),(50,1255,"2018-06-18 02:59:05"),(51,385,"2018-10-01 19:14:14"),(52,842,"2018-04-04 13:27:16"),(53,1680,"2017-04-19 15:26:52"),(54,1193,"2017-04-26 15:17:50"),(55,588,"2017-06-26 08:35:17"),(56,303,"2017-10-14 15:13:44"),(57,1864,"2019-03-02 11:32:59"),(58,829,"2018-10-02 20:57:31"),(59,210,"2018-07-15 11:01:24"),(60,1695,"2018-09-27 06:18:19"),(61,1357,"2018-11-19 21:56:26"),(62,1521,"2019-02-03 10:47:31"),(63,1311,"2017-06-05 07:03:21"),(64,823,"2018-05-27 03:50:44"),(65,1222,"2019-05-03 21:47:45"),(66,413,"2017-11-03 15:25:34"),(67,1659,"2018-03-13 18:59:05"),(68,1414,"2018-02-13 23:12:59"),(69,499,"2018-04-22 12:42:42"),(70,999,"2019-04-23 10:03:13"),(71,638,"2017-12-16 02:52:28"),(72,652,"2019-01-25 16:40:39"),(73,497,"2017-05-05 17:39:09"),(74,764,"2017-10-04 12:53:24"),(75,1359,"2018-06-02 11:05:56"),(76,1854,"2018-07-07 06:13:50"),(77,230,"2018-07-07 10:17:40"),(78,1444,"2018-01-08 16:11:39"),(79,265,"2018-02-24 20:18:40"),(80,1383,"2018-10-06 16:52:36"),(81,1225,"2018-09-16 01:47:26"),(82,1702,"2018-02-25 08:14:03"),(83,935,"2019-03-11 12:10:52"),(84,1117,"2017-09-27 08:22:33"),(85,1333,"2018-02-04 20:31:28"),(86,1656,"2018-04-22 09:28:21"),(87,1587,"2018-05-24 02:29:36"),(88,235,"2017-05-20 02:37:56"),(89,1365,"2019-05-05 01:57:30"),(90,1641,"2017-04-16 17:38:26"),(91,1220,"2017-03-14 16:49:26"),(92,898,"2017-10-30 03:02:46"),(93,319,"2018-03-26 10:05:16"),(94,674,"2017-05-31 11:21:01"),(95,695,"2017-04-27 16:47:31"),(96,1205,"2018-10-16 12:26:35"),(97,395,"2017-10-14 08:25:02"),(98,1968,"2018-08-28 11:47:59"),(99,973,"2017-10-23 06:55:28"),(100,511,"2017-06-22 06:17:00"),(101,754,"2018-05-31 23:46:43"),(102,1932,"2017-04-30 07:17:47"),(103,1752,"2018-06-09 14:31:05"),(104,1362,"2018-09-12 17:30:13"),(105,1031,"2019-03-05 02:15:34"),(106,479,"2018-04-10 21:18:04"),(107,1609,"2018-06-14 08:47:03"),(108,522,"2019-04-03 08:24:23"),(109,959,"2017-05-05 07:40:25"),(110,1699,"2017-04-22 09:16:27"),(111,1051,"2017-09-15 01:20:12"),(112,1075,"2018-07-13 19:01:25"),(113,1289,"2019-03-14 14:57:54"),(114,1058,"2018-07-10 16:19:59"),(115,793,"2017-12-15 08:52:51"),(116,1695,"2018-09-11 01:29:53"),(117,486,"2018-10-17 21:35:09"),(118,640,"2018-09-08 00:53:50"),(119,1161,"2018-03-28 19:46:05");

#insertar pagoMaestro
INSERT INTO `pagoMaestro` (`idPagoMaestro`,`monto`,`fecha`,`plazo`,`fecha_vencimiento`,`maestro_idMaestro`,`maestro_usuario_nombreUsuario`) VALUES (20,1212,"2017-03-22 16:08:13",9,"2018-09-16 14:34:34","3","MauTorres"),(21,660,"2018-01-23 08:48:49",2,"2019-07-28 22:22:00","3","MauTorres"),(22,512,"2018-09-07 15:09:55",7,"2019-01-21 11:17:51","3","MauTorres"),(23,982,"2017-03-26 12:55:47",10,"2018-10-16 21:49:38","3","MauTorres"),(24,1624,"2017-06-01 03:02:15",3,"2018-11-20 10:23:44","3","MauTorres"),(25,425,"2017-05-09 04:06:24",4,"2018-08-21 21:37:07","3","MauTorres"),(26,687,"2018-03-07 11:28:33",6,"2018-03-27 08:39:16","3","MauTorres"),(27,1124,"2018-11-10 16:13:31",9,"2018-07-23 17:12:24","3","MauTorres"),(28,1862,"2018-01-06 22:35:56",1,"2019-01-18 21:29:21","3","MauTorres"),(29,1161,"2019-04-27 11:37:45",10,"2018-07-11 11:41:52","3","MauTorres"),(30,480,"2017-11-02 19:23:50",6,"2018-12-02 13:08:04","4","AlonsoLora"),(31,1523,"2017-11-15 01:27:55",1,"2017-08-20 13:45:29","4","AlonsoLora"),(32,1407,"2017-05-17 19:52:57",6,"2018-12-10 21:58:34","4","AlonsoLora"),(33,1361,"2017-03-16 02:06:57",7,"2017-10-17 02:58:25","4","AlonsoLora"),(34,619,"2019-04-26 00:00:45",9,"2019-04-21 18:46:47","4","AlonsoLora"),(35,1607,"2018-03-11 20:42:26",10,"2019-05-28 15:00:34","4","AlonsoLora"),(36,1793,"2018-08-09 22:11:12",5,"2018-01-27 22:51:28","4","AlonsoLora"),(37,281,"2017-05-05 22:32:09",1,"2018-09-14 22:17:57","4","AlonsoLora"),(38,1319,"2018-11-04 04:06:22",4,"2018-10-26 15:44:58","4","AlonsoLora"),(39,1208,"2017-07-20 14:04:56",2,"2017-06-05 23:10:14","4","AlonsoLora"),(40,930,"2017-07-21 19:58:44",4,"2019-02-23 23:17:49","5","RayPerez"),(41,1466,"2019-04-06 19:51:38",2,"2019-03-14 20:51:58","5","RayPerez"),(42,1248,"2018-09-15 10:13:04",4,"2019-03-03 16:40:36","5","RayPerez"),(43,1144,"2018-02-26 12:39:24",4,"2018-12-17 07:15:44","5","RayPerez"),(44,1717,"2017-08-29 09:55:30",4,"2018-04-16 01:49:14","5","RayPerez"),(45,1221,"2018-07-29 19:15:10",1,"2019-06-29 22:45:21","5","RayPerez"),(46,433,"2017-08-06 06:09:33",4,"2019-07-03 03:36:20","5","RayPerez"),(47,1815,"2018-09-11 09:23:33",9,"2018-08-12 17:00:33","5","RayPerez"),(48,423,"2017-10-19 23:58:23",1,"2017-12-16 10:37:18","5","RayPerez"),(49,1934,"2017-08-23 03:35:59",2,"2018-12-21 21:32:55","5","RayPerez"),(50,1449,"2017-12-10 19:36:54",7,"2019-04-11 16:30:08","6","usuario"),(51,1814,"2017-04-04 13:09:39",2,"2017-08-04 03:00:18","6","usuario"),(52,1240,"2017-03-19 04:30:50",8,"2018-10-14 08:44:01","6","usuario"),(53,1190,"2018-03-01 08:11:59",8,"2019-03-30 00:42:13","6","usuario"),(54,1817,"2018-05-01 01:16:54",6,"2018-07-01 13:40:08","6","usuario"),(55,1597,"2017-06-24 11:14:33",2,"2017-07-12 07:25:36","6","usuario"),(56,761,"2018-02-24 06:54:20",7,"2019-01-16 05:34:27","6","usuario"),(57,1476,"2017-08-30 02:00:18",10,"2018-11-24 15:02:53","6","usuario"),(58,1680,"2017-07-05 05:24:18",9,"2018-12-15 05:29:14","6","usuario"),(59,758,"2017-03-03 06:01:08",3,"2019-07-25 00:23:54","6","usuario"),(60,1129,"2018-09-01 12:44:37",1,"2017-09-22 16:16:37","3","MauTorres"),(61,1150,"2018-11-01 02:20:15",7,"2018-08-15 19:33:49","3","MauTorres"),(62,1104,"2019-04-02 05:00:45",8,"2019-02-19 07:56:55","3","MauTorres"),(63,251,"2019-01-01 22:37:00",10,"2017-07-24 08:38:00","3","MauTorres"),(64,761,"2019-03-17 20:27:36",1,"2018-09-18 18:54:38","3","MauTorres"),(65,1697,"2017-12-14 13:21:28",5,"2018-01-21 07:37:38","3","MauTorres"),(66,1078,"2018-12-18 10:30:23",2,"2018-04-15 02:02:03","3","MauTorres"),(67,1355,"2017-11-19 17:40:03",8,"2018-10-22 00:55:09","3","MauTorres"),(68,1233,"2019-01-21 02:05:25",9,"2018-10-19 05:29:17","3","MauTorres"),(69,940,"2017-10-24 23:10:13",3,"2017-05-13 12:02:01","3","MauTorres"),(70,537,"2019-03-14 10:36:26",2,"2019-03-16 02:34:19","4","AlonsoLora"),(71,1435,"2019-04-16 16:35:40",4,"2018-07-13 16:46:33","4","AlonsoLora"),(72,1543,"2018-06-07 14:37:52",3,"2018-11-10 17:19:06","4","AlonsoLora"),(73,787,"2018-10-15 00:33:11",9,"2018-12-11 13:50:54","4","AlonsoLora"),(74,1217,"2019-04-17 20:56:45",1,"2017-10-02 22:10:42","4","AlonsoLora"),(75,402,"2017-06-22 08:22:09",10,"2019-07-18 07:40:41","4","AlonsoLora"),(76,1099,"2018-01-27 16:14:37",5,"2017-05-28 12:41:12","4","AlonsoLora"),(77,257,"2018-04-01 02:13:07",9,"2018-11-24 09:38:35","4","AlonsoLora"),(78,740,"2017-04-25 10:20:00",9,"2017-08-23 18:30:42","4","AlonsoLora"),(79,902,"2017-03-15 00:42:54",2,"2018-05-04 02:02:42","4","AlonsoLora"),(80,1026,"2019-01-23 12:50:37",9,"2019-04-18 14:02:54","5","RayPerez"),(81,207,"2018-01-11 08:35:05",5,"2017-05-29 07:19:06","5","RayPerez"),(82,1865,"2017-05-30 04:46:43",8,"2018-12-12 18:00:49","5","RayPerez"),(83,308,"2019-03-04 13:54:32",9,"2017-05-28 13:45:00","5","RayPerez"),(84,762,"2018-05-14 01:11:36",3,"2017-10-09 11:25:10","5","RayPerez"),(85,1852,"2017-07-13 18:14:13",5,"2019-04-22 08:08:11","5","RayPerez"),(86,765,"2017-07-22 06:42:10",8,"2017-11-12 23:39:42","5","RayPerez"),(87,347,"2019-02-08 19:47:37",6,"2018-03-01 01:49:51","5","RayPerez"),(88,1337,"2018-07-25 08:24:53",1,"2019-07-05 22:26:05","5","RayPerez"),(89,340,"2018-10-11 10:50:41",1,"2019-05-11 10:29:48","5","RayPerez"),(90,808,"2018-12-02 11:18:56",6,"2018-06-10 06:18:12","6","usuario"),(91,1040,"2018-01-19 03:48:04",7,"2019-01-09 22:31:12","6","usuario"),(92,1104,"2018-07-09 13:56:13",7,"2019-06-23 22:49:26","6","usuario"),(93,1648,"2017-06-03 04:31:57",6,"2018-08-05 23:09:59","6","usuario"),(94,1271,"2018-02-20 10:19:56",3,"2017-06-21 17:48:38","6","usuario"),(95,871,"2018-02-24 08:43:14",10,"2018-01-21 05:34:26","6","usuario"),(96,214,"2018-05-09 03:31:50",10,"2018-05-23 16:20:11","6","usuario"),(97,443,"2019-03-03 18:14:24",4,"2017-10-26 11:12:28","6","usuario"),(98,638,"2017-10-01 10:18:27",9,"2018-12-31 11:16:06","6","usuario"),(99,1054,"2018-07-27 05:24:18",2,"2018-03-28 15:34:14","6","usuario"),(100,1599,"2018-11-22 22:20:15",9,"2019-03-23 19:57:31","3","MauTorres"),(101,830,"2018-10-06 20:59:02",7,"2019-06-02 13:47:09","3","MauTorres"),(102,1811,"2019-04-26 06:54:26",3,"2018-06-26 20:45:57","3","MauTorres"),(103,1672,"2017-11-08 01:20:48",8,"2018-09-14 01:10:29","3","MauTorres"),(104,1711,"2017-09-26 17:18:11",1,"2017-08-19 09:57:05","3","MauTorres"),(105,1968,"2017-04-01 17:46:11",1,"2019-06-13 02:56:32","3","MauTorres"),(106,934,"2018-01-15 18:48:28",6,"2018-10-01 10:13:07","3","MauTorres"),(107,1470,"2018-08-27 23:30:19",9,"2018-04-13 07:18:44","3","MauTorres"),(108,245,"2019-02-21 23:02:27",7,"2019-02-05 07:34:20","3","MauTorres"),(109,839,"2018-12-11 16:59:29",9,"2018-10-08 04:31:01","3","MauTorres"),(110,1666,"2019-03-12 10:41:00",6,"2018-01-15 13:34:44","4","AlonsoLora"),(111,1071,"2017-10-30 02:00:15",5,"2019-05-28 14:43:03","4","AlonsoLora"),(112,993,"2018-06-04 19:52:50",3,"2017-05-10 04:25:09","4","AlonsoLora"),(113,552,"2018-02-18 06:51:47",4,"2018-02-05 02:27:05","4","AlonsoLora"),(114,1943,"2018-05-25 04:57:55",10,"2018-03-17 16:01:27","4","AlonsoLora"),(115,897,"2018-04-27 02:40:33",10,"2017-12-18 01:25:42","4","AlonsoLora"),(116,1706,"2017-04-12 12:01:28",2,"2019-04-14 23:51:29","4","AlonsoLora"),(117,1768,"2017-12-25 07:50:26",5,"2018-06-22 06:31:41","4","AlonsoLora"),(118,960,"2017-12-08 08:22:27",6,"2017-08-10 08:47:47","4","AlonsoLora"),(119,1092,"2018-03-11 05:58:07",5,"2017-08-07 21:53:50","4","AlonsoLora");

#insertar egresos
INSERT INTO `egreso` (`idEgreso`,`concepto`,`monto`,`fecha`) VALUES (1,"felis purus ac tellus.",1252,"2017-08-24 04:48:26"),(2,"at augue id ante dictum cursus. Nunc mauris elit, dictum",852,"2018-05-01 16:55:10"),(3,"sociis natoque penatibus et magnis dis parturient montes, nascetur",444,"2017-09-12 20:52:11"),(4,"pretium aliquet,",466,"2017-11-24 09:40:53"),(5,"sed, est. Nunc laoreet lectus quis",405,"2018-05-28 07:40:02"),(6,"nonummy ultricies ornare, elit elit fermentum risus, at fringilla purus",1287,"2018-01-16 01:30:47"),(7,"rhoncus id, mollis nec, cursus a, enim. Suspendisse",992,"2017-08-26 23:38:13"),(8,"Aenean euismod mauris eu",824,"2017-07-09 00:05:56"),(9,"feugiat metus sit amet ante. Vivamus non lorem",1701,"2018-04-09 12:25:54"),(10,"eros. Proin ultrices. Duis volutpat nunc sit amet metus. Aliquam",258,"2017-07-10 14:34:06");
INSERT INTO `egreso` (`idEgreso`,`concepto`,`monto`,`fecha`) VALUES (11,"cursus. Nunc",20,"2018-04-15 00:48:11"),(12,"feugiat",1365,"2018-04-16 08:05:22"),(13,"id, mollis nec, cursus a, enim.",1081,"2018-05-28 07:30:29"),(14,"et ultrices",1074,"2018-07-05 08:39:32"),(15,"ligula consectetuer rhoncus. Nullam",481,"2017-11-22 19:02:42"),(16,"elit. Curabitur sed tortor. Integer aliquam adipiscing lacus.",474,"2017-05-17 13:16:58"),(17,"aliquet",1811,"2018-04-27 00:01:57"),(18,"scelerisque neque. Nullam nisl. Maecenas malesuada fringilla",833,"2018-02-21 10:27:10"),(19,"vestibulum, neque sed dictum eleifend, nunc risus",1705,"2018-03-15 18:27:17"),(20,"sociis natoque penatibus et",1271,"2017-06-29 17:16:03");
INSERT INTO `egreso` (`idEgreso`,`concepto`,`monto`,`fecha`) VALUES (21,"suscipit nonummy. Fusce",1922,"2017-06-20 22:24:54"),(22,"hendrerit id, ante.",1855,"2017-11-07 03:04:26"),(23,"magna nec quam. Curabitur vel lectus. Cum sociis natoque",1420,"2018-04-16 09:41:52"),(24,"ullamcorper. Duis at lacus. Quisque purus sapien, gravida non, sollicitudin",451,"2017-08-03 16:22:42"),(25,"neque vitae semper egestas,",1598,"2017-09-29 19:21:20"),(26,"eleifend, nunc risus varius orci, in consequat",584,"2017-06-26 18:51:41"),(27,"Cras dictum ultricies ligula. Nullam enim. Sed nulla",149,"2017-10-02 10:47:19"),(28,"pretium et, rutrum non, hendrerit id, ante. Nunc mauris",798,"2018-01-30 03:41:38"),(29,"orci. Phasellus dapibus quam quis diam. Pellentesque",768,"2017-09-01 07:15:03"),(30,"est. Mauris eu turpis. Nulla aliquet. Proin",491,"2018-06-15 23:39:55");
INSERT INTO `egreso` (`idEgreso`,`concepto`,`monto`,`fecha`) VALUES (31,"ut, nulla. Cras",1597,"2017-10-13 09:42:07"),(32,"mus. Aenean eget",1078,"2017-06-01 00:42:54"),(33,"ac sem ut dolor dapibus gravida.",385,"2017-10-30 15:42:58"),(34,"ipsum porta elit, a feugiat tellus lorem eu",1868,"2018-02-24 05:49:45"),(35,"rutrum. Fusce dolor quam, elementum at, egestas a, scelerisque sed,",149,"2017-11-05 21:01:23"),(36,"a feugiat tellus lorem eu metus. In",814,"2017-06-04 12:38:46"),(37,"magnis dis parturient montes, nascetur",848,"2018-01-25 19:57:28"),(38,"sed, sapien. Nunc pulvinar arcu et pede. Nunc sed orci",1833,"2017-10-03 14:02:20"),(39,"eget, dictum placerat, augue. Sed",1442,"2017-07-07 06:27:17"),(40,"eu neque pellentesque massa lobortis ultrices. Vivamus rhoncus.",868,"2017-07-10 23:55:51");
INSERT INTO `egreso` (`idEgreso`,`concepto`,`monto`,`fecha`) VALUES (41,"consectetuer, cursus et, magna. Praesent",1771,"2017-07-01 21:18:06"),(42,"dignissim",964,"2017-07-08 12:19:23"),(43,"nec urna et",1585,"2018-07-04 23:33:20"),(44,"non dui nec urna suscipit nonummy. Fusce fermentum fermentum arcu.",574,"2017-10-29 03:34:16"),(45,"felis orci, adipiscing",1698,"2017-05-27 00:37:22"),(46,"quam, elementum at, egestas a, scelerisque sed, sapien.",681,"2018-05-19 13:22:08"),(47,"posuere cubilia Curae; Phasellus ornare. Fusce mollis.",1520,"2017-10-01 16:50:09"),(48,"odio semper",1402,"2017-06-28 10:36:22"),(49,"nisl sem, consequat nec, mollis vitae,",1163,"2017-10-23 06:35:37"),(50,"justo faucibus lectus, a sollicitudin orci sem eget massa. Suspendisse",1742,"2017-10-12 14:03:02");
INSERT INTO `egreso` (`idEgreso`,`concepto`,`monto`,`fecha`) VALUES (51,"primis",1869,"2017-06-08 06:49:59"),(52,"sem molestie sodales. Mauris blandit enim",260,"2018-04-02 15:22:36"),(53,"ac, fermentum vel, mauris. Integer sem elit, pharetra ut,",665,"2018-07-29 03:10:10"),(54,"a mi fringilla",474,"2017-09-23 19:52:59"),(55,"sed dolor. Fusce mi lorem, vehicula et, rutrum eu, ultrices",813,"2018-06-26 20:36:46"),(56,"arcu.",1590,"2018-02-28 18:27:07"),(57,"purus. Maecenas libero est, congue a, aliquet",46,"2017-09-23 08:41:02"),(58,"justo sit amet nulla. Donec non",215,"2018-07-04 12:47:52"),(59,"elit, pretium et, rutrum non,",1867,"2018-02-23 09:14:08"),(60,"metus sit amet ante. Vivamus non lorem vitae odio",1574,"2017-12-23 16:28:26");
INSERT INTO `egreso` (`idEgreso`,`concepto`,`monto`,`fecha`) VALUES (61,"velit. Cras lorem lorem,",1908,"2018-03-22 15:45:54"),(62,"erat",746,"2017-11-18 16:26:18"),(63,"nunc ac mattis ornare, lectus ante dictum mi, ac mattis",690,"2017-09-25 11:58:30"),(64,"tincidunt nibh. Phasellus nulla. Integer vulputate, risus a ultricies",1931,"2017-05-25 04:57:25"),(65,"nec metus facilisis lorem tristique aliquet. Phasellus",1517,"2017-08-31 02:21:49"),(66,"enim non nisi. Aenean eget",75,"2018-06-19 03:31:12"),(67,"nascetur ridiculus mus. Proin vel arcu",1407,"2017-11-23 10:13:01"),(68,"ipsum dolor sit amet, consectetuer adipiscing elit. Aliquam auctor, velit",1376,"2018-05-11 21:32:55"),(69,"diam. Pellentesque habitant morbi tristique senectus et",1147,"2017-11-18 04:38:03"),(70,"Nam porttitor scelerisque neque.",1744,"2017-12-05 20:02:22");
INSERT INTO `egreso` (`idEgreso`,`concepto`,`monto`,`fecha`) VALUES (71,"dignissim. Maecenas ornare egestas ligula.",1336,"2017-08-14 14:54:59"),(72,"augue ac ipsum. Phasellus vitae mauris sit",1813,"2018-06-13 14:58:28"),(73,"amet luctus vulputate, nisi sem semper erat,",734,"2017-10-09 03:04:55"),(74,"amet ante. Vivamus non lorem vitae odio sagittis semper.",781,"2018-02-20 09:09:32"),(75,"a, magna. Lorem ipsum dolor sit amet, consectetuer",1736,"2018-02-10 18:29:07"),(76,"Quisque tincidunt pede ac urna. Ut",618,"2017-07-02 22:42:36"),(77,"et ultrices",1972,"2018-06-07 00:27:10"),(78,"magna. Phasellus dolor elit, pellentesque a, facilisis non, bibendum sed,",1094,"2018-08-01 00:18:58"),(79,"orci. Ut sagittis lobortis mauris. Suspendisse aliquet",115,"2018-02-02 16:04:46"),(80,"faucibus id, libero. Donec",1168,"2018-06-04 04:58:29");
INSERT INTO `egreso` (`idEgreso`,`concepto`,`monto`,`fecha`) VALUES (81,"dis parturient montes, nascetur ridiculus mus. Aenean",1306,"2018-02-24 02:05:54"),(82,"Nam nulla magna, malesuada vel, convallis in, cursus et,",1594,"2018-01-27 09:20:45"),(83,"est, vitae sodales nisi magna sed dui. Fusce aliquam, enim",185,"2017-12-15 23:56:14"),(84,"habitant",1881,"2017-05-29 07:18:56"),(85,"cubilia Curae; Phasellus ornare. Fusce mollis. Duis sit amet",1130,"2018-06-19 15:06:49"),(86,"Pellentesque tincidunt tempus risus. Donec egestas. Duis ac arcu. Nunc",258,"2018-03-04 19:30:00"),(87,"Ut tincidunt vehicula risus.",1953,"2018-06-08 02:19:01"),(88,"enim, gravida sit amet, dapibus id, blandit",48,"2017-09-18 06:35:34"),(89,"sapien, cursus in, hendrerit consectetuer, cursus",1309,"2017-08-22 08:02:48"),(90,"nec, euismod in, dolor. Fusce feugiat. Lorem ipsum dolor",1854,"2017-12-28 17:08:05");
INSERT INTO `egreso` (`idEgreso`,`concepto`,`monto`,`fecha`) VALUES (91,"aliquet vel, vulputate eu,",1203,"2017-05-20 13:31:18"),(92,"tristique senectus et netus et",1050,"2017-12-19 22:26:40"),(93,"sed dictum eleifend, nunc risus varius orci, in",1974,"2017-07-24 10:39:04"),(94,"velit.",487,"2018-05-08 15:06:13"),(95,"sed pede nec ante blandit viverra. Donec tempus,",949,"2017-12-22 05:06:39"),(96,"vulputate ullamcorper magna. Sed eu eros. Nam consequat dolor",1585,"2017-07-17 01:06:51"),(97,"Integer",720,"2018-03-20 21:33:53"),(98,"orci lobortis augue scelerisque mollis. Phasellus libero mauris,",885,"2017-11-26 07:38:55"),(99,"arcu. Vestibulum ante ipsum primis",1713,"2017-12-29 10:51:33"),(100,"Mauris eu turpis. Nulla aliquet. Proin velit. Sed",1565,"2017-12-09 14:36:34");